Subreddit,Total Posts,21-Apr,Removed Automatically(Bot),Removed by Mod,Removed by Mod & User,Mod + User / 2,Percent Bot Removed,Percent True Mod Removed,Percent Mod Removed,Total Posts,22-Apr,Removed Automatically,Removed by Mod,Removed by Mod & User,Mod + User / 2,Percent Bot Removed,Percent True Mod Removed,Percent Mod Removed
Home,286,,48,38,4,2,0.167832168,0.132867133,0.13986014,286,,43,34,4,2,0.15034965,0.118881119,0.125874126
AskReddit,289,,62,10,25,12.5,0.214532872,0.034602076,0.077854671,283,,63,2,29,14.5,0.222614841,0.007067138,0.058303887
funny,296,,120,65,54,27,0.405405405,0.219594595,0.310810811,292,,117,58,47,23.5,0.400684932,0.198630137,0.279109589
damnthatsinteresting,288,,72,51,23,11.5,0.25,0.177083333,0.217013889,291,,53,45,34,17,0.182130584,0.154639175,0.213058419
worldnews,291,,65,62,40,20,0.223367698,0.213058419,0.281786942,290,,71,59,28,14,0.244827586,0.203448276,0.251724138
AmITheAsshole,296,,95,50,36,18,0.320945946,0.168918919,0.22972973,294,,68,70,60,30,0.231292517,0.238095238,0.340136054
interestingasfuck,289,,69,63,44,22,0.238754325,0.21799308,0.294117647,292,,63,60,39,19.5,0.215753425,0.205479452,0.272260274
antiwork,289,,42,67,33,16.5,0.14532872,0.23183391,0.288927336,574,,75,115,39,19.5,0.130662021,0.200348432,0.234320557
facepalm,295,,36,25,22,11,0.122033898,0.084745763,0.122033898,290,,36,712,18,9,0.124137931,2.455172414,2.486206897
gaming,290,,203,8,24,12,0.7,0.027586207,0.068965517,294,,194,6,62,31,0.659863946,0.020408163,0.12585034
Unexpected,535,,83,230,74,37,0.155140187,0.429906542,0.499065421,534,,62,215,84,42,0.116104869,0.402621723,0.481273408
pics,285,,48,20,14,7,0.168421053,0.070175439,0.094736842,559,,53,37,28,14,0.094812165,0.066189624,0.091234347
WhitePeopleTwitter,285,,26,37,16,8,0.09122807,0.129824561,0.157894737,286,,25,10,21,10.5,0.087412587,0.034965035,0.071678322
LivestreamFail,568,,142,101,93,46.5,0.25,0.177816901,0.259683099,561,,118,111,112,56,0.210338681,0.197860963,0.297682709
pcmasterrace,287,,14,20,7,3.5,0.048780488,0.069686411,0.081881533,293,,19,10,6,3,0.064846416,0.034129693,0.044368601
movies,294,,113,23,45,22.5,0.384353741,0.078231293,0.154761905,295,,119,29,46,23,0.406143345,0.098976109,0.177474403
therewasanattempt,289,,79,48,36,18,0.273356401,0.166089965,0.228373702,291,,47,52,71,35.5,0.161512027,0.178694158,0.300687285
leagueoflegends,288,,99,68,39,19.5,0.34375,0.236111111,0.303819444,295,,111,71,26,13,0.376271186,0.240677966,0.284745763
diablo4,290,,73,6,20,10,0.251724138,0.020689655,0.055172414,292,,68,6,10,5,0.232876712,0.020547945,0.037671233
videos,287,,147,28,20,10,0.512195122,0.097560976,0.132404181,564,,264,60,64,32,0.468085106,0.106382979,0.163120567
DestinyTheGame,297,,36,33,8,4,0.121212121,0.111111111,0.124579125,294,,68,16,11,5.5,0.231292517,0.054421769,0.073129252
PublicFreakout,276,,47,99,25,12.5,0.170289855,0.358695652,0.403985507,536,,72,178,61,30.5,0.134328358,0.332089552,0.388992537
mildlyinfuriating,281,,84,5,18,9,0.298932384,0.017793594,0.049822064,280,,81,8,28,14,0.289285714,0.028571429,0.078571429
NoStupidQuestions,292,,22,15,12,6,0.075342466,0.051369863,0.071917808,556,,52,27,28,14,0.09352518,0.048561151,0.073741007
explainlikeimfive,295,,64,100,39,19.5,0.216949153,0.338983051,0.405084746,295,,95,65,26,13,0.322033898,0.220338983,0.26440678
meirl,548,,37,16,53,26.5,0.067518248,0.02919708,0.077554745,279,,10,4,22,11,0.035842294,0.014336918,0.053763441
nextfuckinglevel,286,,57,90,112,56,0.199300699,0.314685315,0.51048951,278,,59,90,93,46.5,0.212230216,0.323741007,0.491007194
CombatFootage,254,,23,65,25,12.5,0.090551181,0.255905512,0.30511811,255,,19,76,22,11,0.074509804,0.298039216,0.341176471
Minecraft,296,,36,46,13,6.5,0.121621622,0.155405405,0.177364865,298,,44,46,18,9,0.147651007,0.154362416,0.184563758
news,293,,154,35,69,34.5,0.52559727,0.119453925,0.237201365,294,,189,27,37,18.5,0.642857143,0.091836735,0.154761905
ukraine,558,,108,112,53,26.5,0.193548387,0.200716846,0.248207885,590,,80,105,73,36.5,0.13559322,0.177966102,0.239830508
buildapc,285,,2,6,2,1,0.007017544,0.021052632,0.024561404,288,,1,6,2,1,0.003472222,0.020833333,0.024305556
wallstreetbets,297,,117,64,54,27,0.393939394,0.215488215,0.306397306,294,,136,43,41,20.5,0.462585034,0.146258503,0.215986395
europe,291,,107,13,42,21,0.367697595,0.04467354,0.116838488,295,,93,17,56,28,0.315254237,0.057627119,0.152542373
chatGPT,296,,62,3,20,10,0.209459459,0.010135135,0.043918919,295,,58,5,10,5,0.196610169,0.016949153,0.033898305
Piracy,295,,142,26,34,17,0.481355932,0.088135593,0.145762712,288,,133,30,43,21.5,0.461805556,0.104166667,0.178819444
todayilearned,289,,79,63,64,32,0.273356401,0.21799308,0.328719723,582,,177,119,143,71.5,0.304123711,0.204467354,0.327319588
forumula1,35,,0,4,0,0,0,0.114285714,0.114285714,35,,0,4,0,0,0,0.114285714,0.114285714
soccer,294,,44,49,31,15.5,0.149659864,0.166666667,0.219387755,295,,44,21,15,7.5,0.149152542,0.071186441,0.096610169
Eldenring,287,,28,11,5,2.5,0.097560976,0.038327526,0.047038328,294,,21,4,3,1.5,0.071428571,0.013605442,0.018707483
GlobalOffensive,562,,105,87,68,34,0.18683274,0.15480427,0.215302491,290,,46,45,20,10,0.15862069,0.155172414,0.189655172
ffxiv,283,,16,7,11,5.5,0.056537102,0.024734982,0.044169611,285,,22,11,7,3.5,0.077192982,0.038596491,0.050877193
politics,594,,161,102,63,31.5,0.271043771,0.171717172,0.224747475,596,,166,87,64,32,0.27852349,0.145973154,0.19966443
wow,291,,11,15,4,2,0.037800687,0.051546392,0.058419244,291,,19,31,8,4,0.065292096,0.10652921,0.120274914
programmerhumor,282,,35,17,13,6.5,0.124113475,0.060283688,0.083333333,286,,38,17,22,11,0.132867133,0.059440559,0.097902098
funnymemes,274,,15,31,2,1,0.054744526,0.113138686,0.116788321,278,,18,30,2,1,0.064748201,0.107913669,0.111510791
OldSchoolCool,286,,34,39,24,12,0.118881119,0.136363636,0.178321678,282,,34,41,22,11,0.120567376,0.145390071,0.184397163
Tinder,267,,68,8,52,26,0.254681648,0.029962547,0.127340824,272,,86,7,38,19,0.316176471,0.025735294,0.095588235
diablo4,289,,39,6,20,10,0.134948097,0.020761246,0.055363322,291,,42,7,18,9,0.144329897,0.024054983,0.054982818
memes,563,,170,58,88,44,0.301953819,0.103019538,0.181172291,567,,178,43,84,42,0.313932981,0.075837743,0.149911817